{
  "id": "354686cb-8d47-46f6-bb8f-fd7d0bdb2dfe",
  "name": "calculations",
  "isOverridable": true,
  "entries": [
    {
      "value": "add",
      "synonyms": [
        "add",
        "plus",
        "addition",
        "sum",
        "positive"
      ]
    },
    {
      "value": "subtract",
      "synonyms": [
        "minus",
        "difference",
        "subtract",
        "subtraction",
        "negative"
      ]
    },
    {
      "value": "multiply",
      "synonyms": [
        "multiply",
        "product",
        "multiplication",
        "times"
      ]
    },
    {
      "value": "divide",
      "synonyms": [
        "divison",
        "over",
        "divided by",
        "divide by"
      ]
    },
    {
      "value": "power",
      "synonyms": [
        "power",
        "power of",
        "raise to the power",
        "to the power of"
      ]
    },
    {
      "value": "factorial",
      "synonyms": [
        "factorial"
      ]
    },
    {
      "value": "square_root",
      "synonyms": [
        "square root",
        "root"
      ]
    },
    {
      "value": "sine",
      "synonyms": [
        "sine",
        "sin"
      ]
    },
    {
      "value": "cos",
      "synonyms": [
        "cos",
        "cosine"
      ]
    },
    {
      "value": "tan",
      "synonyms": [
        "tan"
      ]
    },
    {
      "value": "inverse_divide",
      "synonyms": [
        "divide"
      ]
    },
    {
      "value": "percentage",
      "synonyms": [
        "percentage",
        "percent",
        "percent of"
      ]
    }
  ],
  "isEnum": false,
  "automatedExpansion": false
}