{
  "id": "5ae79d62-89c4-47ed-b083-476af233c388",
  "name": "operations",
  "isOverridable": true,
  "entries": [
    {
      "value": "game",
      "synonyms": [
        "game",
        "play game",
        "play",
        "play a game",
        "fun"
      ]
    },
    {
      "value": "calculate",
      "synonyms": [
        "calculate",
        "perform calculation",
        "calculate numbers",
        "calculator",
        "calculation"
      ]
    }
  ],
  "isEnum": false,
  "automatedExpansion": false
}